{"Assets/Banner/banner1.png":["Assets/Banner/banner1.png"],"Assets/Banner/banner2.png":["Assets/Banner/banner2.png"],"Assets/Banner/banner3.jpg":["Assets/Banner/banner3.jpg"],"Assets/Cart/coupon.png":["Assets/Cart/coupon.png"],"Assets/Cart/emptyCart.png":["Assets/Cart/emptyCart.png"],"Assets/Checkout/razorpay.png":["Assets/Checkout/razorpay.png"],"Assets/Checkout/success.png":["Assets/Checkout/success.png"],"Assets/Dashboard/biryani.jpeg":["Assets/Dashboard/biryani.jpeg"],"Assets/Dashboard/googleMap.png":["Assets/Dashboard/googleMap.png"],"Assets/DineIn/Caesar_Salad.jpg":["Assets/DineIn/Caesar_Salad.jpg"],"Assets/DineIn/Caprese_Salad.jpg":["Assets/DineIn/Caprese_Salad.jpg"],"Assets/DineIn/CarronilPizza.jpg":["Assets/DineIn/CarronilPizza.jpg"],"Assets/DineIn/Green_tuna_salad.jpg":["Assets/DineIn/Green_tuna_salad.jpg"],"Assets/DineIn/MozzarellaPizza.jpg":["Assets/DineIn/MozzarellaPizza.jpg"],"Assets/Font/Quicksand-Bold.ttf":["Assets/Font/Quicksand-Bold.ttf"],"Assets/Font/Quicksand-Light.ttf":["Assets/Font/Quicksand-Light.ttf"],"Assets/Font/Quicksand-Medium.ttf":["Assets/Font/Quicksand-Medium.ttf"],"Assets/Font/Quicksand-Regular.ttf":["Assets/Font/Quicksand-Regular.ttf"],"Assets/FoodZoneLogo.png":["Assets/FoodZoneLogo.png"],"Assets/Language/localization_ar.json":["Assets/Language/localization_ar.json"],"Assets/Language/localization_en.json":["Assets/Language/localization_en.json"],"Assets/Language/localization_fr.json":["Assets/Language/localization_fr.json"],"Assets/Onboarding/ob1.png":["Assets/Onboarding/ob1.png"],"Assets/Onboarding/ob2.png":["Assets/Onboarding/ob2.png"],"Assets/Onboarding/ob3.png":["Assets/Onboarding/ob3.png"],"Assets/Onboarding/ob4.png":["Assets/Onboarding/ob4.png"],"Assets/Payment/Card.png":["Assets/Payment/Card.png"],"Assets/Payment/Cod.png":["Assets/Payment/Cod.png"],"Assets/Payment/coffee.png":["Assets/Payment/coffee.png"],"Assets/Payment/paypal.png":["Assets/Payment/paypal.png"],"Assets/RestaurantDetails/RestaurantApp.jpg":["Assets/RestaurantDetails/RestaurantApp.jpg"],"Assets/RestaurantDetails/nonVeg.png":["Assets/RestaurantDetails/nonVeg.png"],"Assets/RestaurantDetails/profileImage.jpg":["Assets/RestaurantDetails/profileImage.jpg"],"Assets/RestaurantDetails/veg.png":["Assets/RestaurantDetails/veg.png"],"Assets/RestaurantDetails/vegFood.jpg":["Assets/RestaurantDetails/vegFood.jpg"],"Assets/TrackOrder/car.png":["Assets/TrackOrder/car.png"],"Assets/TrackOrder/destination_map.png":["Assets/TrackOrder/destination_map.png"],"Assets/changePassword/passwordSuccess.png":["Assets/changePassword/passwordSuccess.png"],"Assets/error.png":["Assets/error.png"],"Assets/facebook.png":["Assets/facebook.png"],"Assets/flags/albania.png":["Assets/flags/albania.png"],"Assets/flags/brazil.png":["Assets/flags/brazil.png"],"Assets/flags/canada.png":["Assets/flags/canada.png"],"Assets/flags/spain.png":["Assets/flags/spain.png"],"Assets/flags/uae.png":["Assets/flags/uae.png"],"Assets/flags/usa.png":["Assets/flags/usa.png"],"Assets/food.jpeg":["Assets/food.jpeg"],"Assets/googlePlus.png":["Assets/googlePlus.png"],"Assets/images/BegingPrepared.jpg":["Assets/images/BegingPrepared.jpg"],"Assets/images/Ober.png":["Assets/images/Ober.png"],"Assets/images/bell.png":["Assets/images/bell.png"],"Assets/images/chef.png":["Assets/images/chef.png"],"Assets/images/dataNotFound.png":["Assets/images/dataNotFound.png"],"Assets/images/foodTruck.png":["Assets/images/foodTruck.png"],"Assets/images/lockedAccess.png":["Assets/images/lockedAccess.png"],"Assets/images/mail.png":["Assets/images/mail.png"],"Assets/imgLogo.png":["Assets/imgLogo.png"],"Assets/jacMa.jpg":["Assets/jacMa.jpg"],"Assets/loading.gif":["Assets/loading.gif"],"Assets/map.png":["Assets/map.png"],"Assets/nonVeg.png":["Assets/nonVeg.png","Assets/RestaurantDetails/nonVeg.png"],"Assets/offer.png":["Assets/offer.png"],"Assets/res.jpeg":["Assets/res.jpeg"],"packages/country_code_picker/flags/ad.png":["packages/country_code_picker/flags/ad.png"],"packages/country_code_picker/flags/ae.png":["packages/country_code_picker/flags/ae.png"],"packages/country_code_picker/flags/af.png":["packages/country_code_picker/flags/af.png"],"packages/country_code_picker/flags/ag.png":["packages/country_code_picker/flags/ag.png"],"packages/country_code_picker/flags/ai.png":["packages/country_code_picker/flags/ai.png"],"packages/country_code_picker/flags/al.png":["packages/country_code_picker/flags/al.png"],"packages/country_code_picker/flags/am.png":["packages/country_code_picker/flags/am.png"],"packages/country_code_picker/flags/an.png":["packages/country_code_picker/flags/an.png"],"packages/country_code_picker/flags/ao.png":["packages/country_code_picker/flags/ao.png"],"packages/country_code_picker/flags/aq.png":["packages/country_code_picker/flags/aq.png"],"packages/country_code_picker/flags/ar.png":["packages/country_code_picker/flags/ar.png"],"packages/country_code_picker/flags/as.png":["packages/country_code_picker/flags/as.png"],"packages/country_code_picker/flags/at.png":["packages/country_code_picker/flags/at.png"],"packages/country_code_picker/flags/au.png":["packages/country_code_picker/flags/au.png"],"packages/country_code_picker/flags/aw.png":["packages/country_code_picker/flags/aw.png"],"packages/country_code_picker/flags/ax.png":["packages/country_code_picker/flags/ax.png"],"packages/country_code_picker/flags/az.png":["packages/country_code_picker/flags/az.png"],"packages/country_code_picker/flags/ba.png":["packages/country_code_picker/flags/ba.png"],"packages/country_code_picker/flags/bb.png":["packages/country_code_picker/flags/bb.png"],"packages/country_code_picker/flags/bd.png":["packages/country_code_picker/flags/bd.png"],"packages/country_code_picker/flags/be.png":["packages/country_code_picker/flags/be.png"],"packages/country_code_picker/flags/bf.png":["packages/country_code_picker/flags/bf.png"],"packages/country_code_picker/flags/bg.png":["packages/country_code_picker/flags/bg.png"],"packages/country_code_picker/flags/bh.png":["packages/country_code_picker/flags/bh.png"],"packages/country_code_picker/flags/bi.png":["packages/country_code_picker/flags/bi.png"],"packages/country_code_picker/flags/bj.png":["packages/country_code_picker/flags/bj.png"],"packages/country_code_picker/flags/bl.png":["packages/country_code_picker/flags/bl.png"],"packages/country_code_picker/flags/bm.png":["packages/country_code_picker/flags/bm.png"],"packages/country_code_picker/flags/bn.png":["packages/country_code_picker/flags/bn.png"],"packages/country_code_picker/flags/bo.png":["packages/country_code_picker/flags/bo.png"],"packages/country_code_picker/flags/bq.png":["packages/country_code_picker/flags/bq.png"],"packages/country_code_picker/flags/br.png":["packages/country_code_picker/flags/br.png"],"packages/country_code_picker/flags/bs.png":["packages/country_code_picker/flags/bs.png"],"packages/country_code_picker/flags/bt.png":["packages/country_code_picker/flags/bt.png"],"packages/country_code_picker/flags/bv.png":["packages/country_code_picker/flags/bv.png"],"packages/country_code_picker/flags/bw.png":["packages/country_code_picker/flags/bw.png"],"packages/country_code_picker/flags/by.png":["packages/country_code_picker/flags/by.png"],"packages/country_code_picker/flags/bz.png":["packages/country_code_picker/flags/bz.png"],"packages/country_code_picker/flags/ca.png":["packages/country_code_picker/flags/ca.png"],"packages/country_code_picker/flags/cc.png":["packages/country_code_picker/flags/cc.png"],"packages/country_code_picker/flags/cd.png":["packages/country_code_picker/flags/cd.png"],"packages/country_code_picker/flags/cf.png":["packages/country_code_picker/flags/cf.png"],"packages/country_code_picker/flags/cg.png":["packages/country_code_picker/flags/cg.png"],"packages/country_code_picker/flags/ch.png":["packages/country_code_picker/flags/ch.png"],"packages/country_code_picker/flags/ci.png":["packages/country_code_picker/flags/ci.png"],"packages/country_code_picker/flags/ck.png":["packages/country_code_picker/flags/ck.png"],"packages/country_code_picker/flags/cl.png":["packages/country_code_picker/flags/cl.png"],"packages/country_code_picker/flags/cm.png":["packages/country_code_picker/flags/cm.png"],"packages/country_code_picker/flags/cn.png":["packages/country_code_picker/flags/cn.png"],"packages/country_code_picker/flags/co.png":["packages/country_code_picker/flags/co.png"],"packages/country_code_picker/flags/cr.png":["packages/country_code_picker/flags/cr.png"],"packages/country_code_picker/flags/cu.png":["packages/country_code_picker/flags/cu.png"],"packages/country_code_picker/flags/cv.png":["packages/country_code_picker/flags/cv.png"],"packages/country_code_picker/flags/cw.png":["packages/country_code_picker/flags/cw.png"],"packages/country_code_picker/flags/cx.png":["packages/country_code_picker/flags/cx.png"],"packages/country_code_picker/flags/cy.png":["packages/country_code_picker/flags/cy.png"],"packages/country_code_picker/flags/cz.png":["packages/country_code_picker/flags/cz.png"],"packages/country_code_picker/flags/de.png":["packages/country_code_picker/flags/de.png"],"packages/country_code_picker/flags/dj.png":["packages/country_code_picker/flags/dj.png"],"packages/country_code_picker/flags/dk.png":["packages/country_code_picker/flags/dk.png"],"packages/country_code_picker/flags/dm.png":["packages/country_code_picker/flags/dm.png"],"packages/country_code_picker/flags/do.png":["packages/country_code_picker/flags/do.png"],"packages/country_code_picker/flags/dz.png":["packages/country_code_picker/flags/dz.png"],"packages/country_code_picker/flags/ec.png":["packages/country_code_picker/flags/ec.png"],"packages/country_code_picker/flags/ee.png":["packages/country_code_picker/flags/ee.png"],"packages/country_code_picker/flags/eg.png":["packages/country_code_picker/flags/eg.png"],"packages/country_code_picker/flags/eh.png":["packages/country_code_picker/flags/eh.png"],"packages/country_code_picker/flags/er.png":["packages/country_code_picker/flags/er.png"],"packages/country_code_picker/flags/es.png":["packages/country_code_picker/flags/es.png"],"packages/country_code_picker/flags/et.png":["packages/country_code_picker/flags/et.png"],"packages/country_code_picker/flags/eu.png":["packages/country_code_picker/flags/eu.png"],"packages/country_code_picker/flags/fi.png":["packages/country_code_picker/flags/fi.png"],"packages/country_code_picker/flags/fj.png":["packages/country_code_picker/flags/fj.png"],"packages/country_code_picker/flags/fk.png":["packages/country_code_picker/flags/fk.png"],"packages/country_code_picker/flags/fm.png":["packages/country_code_picker/flags/fm.png"],"packages/country_code_picker/flags/fo.png":["packages/country_code_picker/flags/fo.png"],"packages/country_code_picker/flags/fr.png":["packages/country_code_picker/flags/fr.png"],"packages/country_code_picker/flags/ga.png":["packages/country_code_picker/flags/ga.png"],"packages/country_code_picker/flags/gb-eng.png":["packages/country_code_picker/flags/gb-eng.png"],"packages/country_code_picker/flags/gb-nir.png":["packages/country_code_picker/flags/gb-nir.png"],"packages/country_code_picker/flags/gb-sct.png":["packages/country_code_picker/flags/gb-sct.png"],"packages/country_code_picker/flags/gb-wls.png":["packages/country_code_picker/flags/gb-wls.png"],"packages/country_code_picker/flags/gb.png":["packages/country_code_picker/flags/gb.png"],"packages/country_code_picker/flags/gd.png":["packages/country_code_picker/flags/gd.png"],"packages/country_code_picker/flags/ge.png":["packages/country_code_picker/flags/ge.png"],"packages/country_code_picker/flags/gf.png":["packages/country_code_picker/flags/gf.png"],"packages/country_code_picker/flags/gg.png":["packages/country_code_picker/flags/gg.png"],"packages/country_code_picker/flags/gh.png":["packages/country_code_picker/flags/gh.png"],"packages/country_code_picker/flags/gi.png":["packages/country_code_picker/flags/gi.png"],"packages/country_code_picker/flags/gl.png":["packages/country_code_picker/flags/gl.png"],"packages/country_code_picker/flags/gm.png":["packages/country_code_picker/flags/gm.png"],"packages/country_code_picker/flags/gn.png":["packages/country_code_picker/flags/gn.png"],"packages/country_code_picker/flags/gp.png":["packages/country_code_picker/flags/gp.png"],"packages/country_code_picker/flags/gq.png":["packages/country_code_picker/flags/gq.png"],"packages/country_code_picker/flags/gr.png":["packages/country_code_picker/flags/gr.png"],"packages/country_code_picker/flags/gs.png":["packages/country_code_picker/flags/gs.png"],"packages/country_code_picker/flags/gt.png":["packages/country_code_picker/flags/gt.png"],"packages/country_code_picker/flags/gu.png":["packages/country_code_picker/flags/gu.png"],"packages/country_code_picker/flags/gw.png":["packages/country_code_picker/flags/gw.png"],"packages/country_code_picker/flags/gy.png":["packages/country_code_picker/flags/gy.png"],"packages/country_code_picker/flags/hk.png":["packages/country_code_picker/flags/hk.png"],"packages/country_code_picker/flags/hm.png":["packages/country_code_picker/flags/hm.png"],"packages/country_code_picker/flags/hn.png":["packages/country_code_picker/flags/hn.png"],"packages/country_code_picker/flags/hr.png":["packages/country_code_picker/flags/hr.png"],"packages/country_code_picker/flags/ht.png":["packages/country_code_picker/flags/ht.png"],"packages/country_code_picker/flags/hu.png":["packages/country_code_picker/flags/hu.png"],"packages/country_code_picker/flags/id.png":["packages/country_code_picker/flags/id.png"],"packages/country_code_picker/flags/ie.png":["packages/country_code_picker/flags/ie.png"],"packages/country_code_picker/flags/il.png":["packages/country_code_picker/flags/il.png"],"packages/country_code_picker/flags/im.png":["packages/country_code_picker/flags/im.png"],"packages/country_code_picker/flags/in.png":["packages/country_code_picker/flags/in.png"],"packages/country_code_picker/flags/io.png":["packages/country_code_picker/flags/io.png"],"packages/country_code_picker/flags/iq.png":["packages/country_code_picker/flags/iq.png"],"packages/country_code_picker/flags/ir.png":["packages/country_code_picker/flags/ir.png"],"packages/country_code_picker/flags/is.png":["packages/country_code_picker/flags/is.png"],"packages/country_code_picker/flags/it.png":["packages/country_code_picker/flags/it.png"],"packages/country_code_picker/flags/je.png":["packages/country_code_picker/flags/je.png"],"packages/country_code_picker/flags/jm.png":["packages/country_code_picker/flags/jm.png"],"packages/country_code_picker/flags/jo.png":["packages/country_code_picker/flags/jo.png"],"packages/country_code_picker/flags/jp.png":["packages/country_code_picker/flags/jp.png"],"packages/country_code_picker/flags/ke.png":["packages/country_code_picker/flags/ke.png"],"packages/country_code_picker/flags/kg.png":["packages/country_code_picker/flags/kg.png"],"packages/country_code_picker/flags/kh.png":["packages/country_code_picker/flags/kh.png"],"packages/country_code_picker/flags/ki.png":["packages/country_code_picker/flags/ki.png"],"packages/country_code_picker/flags/km.png":["packages/country_code_picker/flags/km.png"],"packages/country_code_picker/flags/kn.png":["packages/country_code_picker/flags/kn.png"],"packages/country_code_picker/flags/kp.png":["packages/country_code_picker/flags/kp.png"],"packages/country_code_picker/flags/kr.png":["packages/country_code_picker/flags/kr.png"],"packages/country_code_picker/flags/kw.png":["packages/country_code_picker/flags/kw.png"],"packages/country_code_picker/flags/ky.png":["packages/country_code_picker/flags/ky.png"],"packages/country_code_picker/flags/kz.png":["packages/country_code_picker/flags/kz.png"],"packages/country_code_picker/flags/la.png":["packages/country_code_picker/flags/la.png"],"packages/country_code_picker/flags/lb.png":["packages/country_code_picker/flags/lb.png"],"packages/country_code_picker/flags/lc.png":["packages/country_code_picker/flags/lc.png"],"packages/country_code_picker/flags/li.png":["packages/country_code_picker/flags/li.png"],"packages/country_code_picker/flags/lk.png":["packages/country_code_picker/flags/lk.png"],"packages/country_code_picker/flags/lr.png":["packages/country_code_picker/flags/lr.png"],"packages/country_code_picker/flags/ls.png":["packages/country_code_picker/flags/ls.png"],"packages/country_code_picker/flags/lt.png":["packages/country_code_picker/flags/lt.png"],"packages/country_code_picker/flags/lu.png":["packages/country_code_picker/flags/lu.png"],"packages/country_code_picker/flags/lv.png":["packages/country_code_picker/flags/lv.png"],"packages/country_code_picker/flags/ly.png":["packages/country_code_picker/flags/ly.png"],"packages/country_code_picker/flags/ma.png":["packages/country_code_picker/flags/ma.png"],"packages/country_code_picker/flags/mc.png":["packages/country_code_picker/flags/mc.png"],"packages/country_code_picker/flags/md.png":["packages/country_code_picker/flags/md.png"],"packages/country_code_picker/flags/me.png":["packages/country_code_picker/flags/me.png"],"packages/country_code_picker/flags/mf.png":["packages/country_code_picker/flags/mf.png"],"packages/country_code_picker/flags/mg.png":["packages/country_code_picker/flags/mg.png"],"packages/country_code_picker/flags/mh.png":["packages/country_code_picker/flags/mh.png"],"packages/country_code_picker/flags/mk.png":["packages/country_code_picker/flags/mk.png"],"packages/country_code_picker/flags/ml.png":["packages/country_code_picker/flags/ml.png"],"packages/country_code_picker/flags/mm.png":["packages/country_code_picker/flags/mm.png"],"packages/country_code_picker/flags/mn.png":["packages/country_code_picker/flags/mn.png"],"packages/country_code_picker/flags/mo.png":["packages/country_code_picker/flags/mo.png"],"packages/country_code_picker/flags/mp.png":["packages/country_code_picker/flags/mp.png"],"packages/country_code_picker/flags/mq.png":["packages/country_code_picker/flags/mq.png"],"packages/country_code_picker/flags/mr.png":["packages/country_code_picker/flags/mr.png"],"packages/country_code_picker/flags/ms.png":["packages/country_code_picker/flags/ms.png"],"packages/country_code_picker/flags/mt.png":["packages/country_code_picker/flags/mt.png"],"packages/country_code_picker/flags/mu.png":["packages/country_code_picker/flags/mu.png"],"packages/country_code_picker/flags/mv.png":["packages/country_code_picker/flags/mv.png"],"packages/country_code_picker/flags/mw.png":["packages/country_code_picker/flags/mw.png"],"packages/country_code_picker/flags/mx.png":["packages/country_code_picker/flags/mx.png"],"packages/country_code_picker/flags/my.png":["packages/country_code_picker/flags/my.png"],"packages/country_code_picker/flags/mz.png":["packages/country_code_picker/flags/mz.png"],"packages/country_code_picker/flags/na.png":["packages/country_code_picker/flags/na.png"],"packages/country_code_picker/flags/nc.png":["packages/country_code_picker/flags/nc.png"],"packages/country_code_picker/flags/ne.png":["packages/country_code_picker/flags/ne.png"],"packages/country_code_picker/flags/nf.png":["packages/country_code_picker/flags/nf.png"],"packages/country_code_picker/flags/ng.png":["packages/country_code_picker/flags/ng.png"],"packages/country_code_picker/flags/ni.png":["packages/country_code_picker/flags/ni.png"],"packages/country_code_picker/flags/nl.png":["packages/country_code_picker/flags/nl.png"],"packages/country_code_picker/flags/no.png":["packages/country_code_picker/flags/no.png"],"packages/country_code_picker/flags/np.png":["packages/country_code_picker/flags/np.png"],"packages/country_code_picker/flags/nr.png":["packages/country_code_picker/flags/nr.png"],"packages/country_code_picker/flags/nu.png":["packages/country_code_picker/flags/nu.png"],"packages/country_code_picker/flags/nz.png":["packages/country_code_picker/flags/nz.png"],"packages/country_code_picker/flags/om.png":["packages/country_code_picker/flags/om.png"],"packages/country_code_picker/flags/pa.png":["packages/country_code_picker/flags/pa.png"],"packages/country_code_picker/flags/pe.png":["packages/country_code_picker/flags/pe.png"],"packages/country_code_picker/flags/pf.png":["packages/country_code_picker/flags/pf.png"],"packages/country_code_picker/flags/pg.png":["packages/country_code_picker/flags/pg.png"],"packages/country_code_picker/flags/ph.png":["packages/country_code_picker/flags/ph.png"],"packages/country_code_picker/flags/pk.png":["packages/country_code_picker/flags/pk.png"],"packages/country_code_picker/flags/pl.png":["packages/country_code_picker/flags/pl.png"],"packages/country_code_picker/flags/pm.png":["packages/country_code_picker/flags/pm.png"],"packages/country_code_picker/flags/pn.png":["packages/country_code_picker/flags/pn.png"],"packages/country_code_picker/flags/pr.png":["packages/country_code_picker/flags/pr.png"],"packages/country_code_picker/flags/ps.png":["packages/country_code_picker/flags/ps.png"],"packages/country_code_picker/flags/pt.png":["packages/country_code_picker/flags/pt.png"],"packages/country_code_picker/flags/pw.png":["packages/country_code_picker/flags/pw.png"],"packages/country_code_picker/flags/py.png":["packages/country_code_picker/flags/py.png"],"packages/country_code_picker/flags/qa.png":["packages/country_code_picker/flags/qa.png"],"packages/country_code_picker/flags/re.png":["packages/country_code_picker/flags/re.png"],"packages/country_code_picker/flags/ro.png":["packages/country_code_picker/flags/ro.png"],"packages/country_code_picker/flags/rs.png":["packages/country_code_picker/flags/rs.png"],"packages/country_code_picker/flags/ru.png":["packages/country_code_picker/flags/ru.png"],"packages/country_code_picker/flags/rw.png":["packages/country_code_picker/flags/rw.png"],"packages/country_code_picker/flags/sa.png":["packages/country_code_picker/flags/sa.png"],"packages/country_code_picker/flags/sb.png":["packages/country_code_picker/flags/sb.png"],"packages/country_code_picker/flags/sc.png":["packages/country_code_picker/flags/sc.png"],"packages/country_code_picker/flags/sd.png":["packages/country_code_picker/flags/sd.png"],"packages/country_code_picker/flags/se.png":["packages/country_code_picker/flags/se.png"],"packages/country_code_picker/flags/sg.png":["packages/country_code_picker/flags/sg.png"],"packages/country_code_picker/flags/sh.png":["packages/country_code_picker/flags/sh.png"],"packages/country_code_picker/flags/si.png":["packages/country_code_picker/flags/si.png"],"packages/country_code_picker/flags/sj.png":["packages/country_code_picker/flags/sj.png"],"packages/country_code_picker/flags/sk.png":["packages/country_code_picker/flags/sk.png"],"packages/country_code_picker/flags/sl.png":["packages/country_code_picker/flags/sl.png"],"packages/country_code_picker/flags/sm.png":["packages/country_code_picker/flags/sm.png"],"packages/country_code_picker/flags/sn.png":["packages/country_code_picker/flags/sn.png"],"packages/country_code_picker/flags/so.png":["packages/country_code_picker/flags/so.png"],"packages/country_code_picker/flags/sr.png":["packages/country_code_picker/flags/sr.png"],"packages/country_code_picker/flags/ss.png":["packages/country_code_picker/flags/ss.png"],"packages/country_code_picker/flags/st.png":["packages/country_code_picker/flags/st.png"],"packages/country_code_picker/flags/sv.png":["packages/country_code_picker/flags/sv.png"],"packages/country_code_picker/flags/sx.png":["packages/country_code_picker/flags/sx.png"],"packages/country_code_picker/flags/sy.png":["packages/country_code_picker/flags/sy.png"],"packages/country_code_picker/flags/sz.png":["packages/country_code_picker/flags/sz.png"],"packages/country_code_picker/flags/tc.png":["packages/country_code_picker/flags/tc.png"],"packages/country_code_picker/flags/td.png":["packages/country_code_picker/flags/td.png"],"packages/country_code_picker/flags/tf.png":["packages/country_code_picker/flags/tf.png"],"packages/country_code_picker/flags/tg.png":["packages/country_code_picker/flags/tg.png"],"packages/country_code_picker/flags/th.png":["packages/country_code_picker/flags/th.png"],"packages/country_code_picker/flags/tj.png":["packages/country_code_picker/flags/tj.png"],"packages/country_code_picker/flags/tk.png":["packages/country_code_picker/flags/tk.png"],"packages/country_code_picker/flags/tl.png":["packages/country_code_picker/flags/tl.png"],"packages/country_code_picker/flags/tm.png":["packages/country_code_picker/flags/tm.png"],"packages/country_code_picker/flags/tn.png":["packages/country_code_picker/flags/tn.png"],"packages/country_code_picker/flags/to.png":["packages/country_code_picker/flags/to.png"],"packages/country_code_picker/flags/tr.png":["packages/country_code_picker/flags/tr.png"],"packages/country_code_picker/flags/tt.png":["packages/country_code_picker/flags/tt.png"],"packages/country_code_picker/flags/tv.png":["packages/country_code_picker/flags/tv.png"],"packages/country_code_picker/flags/tw.png":["packages/country_code_picker/flags/tw.png"],"packages/country_code_picker/flags/tz.png":["packages/country_code_picker/flags/tz.png"],"packages/country_code_picker/flags/ua.png":["packages/country_code_picker/flags/ua.png"],"packages/country_code_picker/flags/ug.png":["packages/country_code_picker/flags/ug.png"],"packages/country_code_picker/flags/um.png":["packages/country_code_picker/flags/um.png"],"packages/country_code_picker/flags/us.png":["packages/country_code_picker/flags/us.png"],"packages/country_code_picker/flags/uy.png":["packages/country_code_picker/flags/uy.png"],"packages/country_code_picker/flags/uz.png":["packages/country_code_picker/flags/uz.png"],"packages/country_code_picker/flags/va.png":["packages/country_code_picker/flags/va.png"],"packages/country_code_picker/flags/vc.png":["packages/country_code_picker/flags/vc.png"],"packages/country_code_picker/flags/ve.png":["packages/country_code_picker/flags/ve.png"],"packages/country_code_picker/flags/vg.png":["packages/country_code_picker/flags/vg.png"],"packages/country_code_picker/flags/vi.png":["packages/country_code_picker/flags/vi.png"],"packages/country_code_picker/flags/vn.png":["packages/country_code_picker/flags/vn.png"],"packages/country_code_picker/flags/vu.png":["packages/country_code_picker/flags/vu.png"],"packages/country_code_picker/flags/wf.png":["packages/country_code_picker/flags/wf.png"],"packages/country_code_picker/flags/ws.png":["packages/country_code_picker/flags/ws.png"],"packages/country_code_picker/flags/xk.png":["packages/country_code_picker/flags/xk.png"],"packages/country_code_picker/flags/ye.png":["packages/country_code_picker/flags/ye.png"],"packages/country_code_picker/flags/yt.png":["packages/country_code_picker/flags/yt.png"],"packages/country_code_picker/flags/za.png":["packages/country_code_picker/flags/za.png"],"packages/country_code_picker/flags/zm.png":["packages/country_code_picker/flags/zm.png"],"packages/country_code_picker/flags/zw.png":["packages/country_code_picker/flags/zw.png"],"packages/country_code_picker/i18n/af.json":["packages/country_code_picker/i18n/af.json"],"packages/country_code_picker/i18n/am.json":["packages/country_code_picker/i18n/am.json"],"packages/country_code_picker/i18n/ar.json":["packages/country_code_picker/i18n/ar.json"],"packages/country_code_picker/i18n/az.json":["packages/country_code_picker/i18n/az.json"],"packages/country_code_picker/i18n/be.json":["packages/country_code_picker/i18n/be.json"],"packages/country_code_picker/i18n/bg.json":["packages/country_code_picker/i18n/bg.json"],"packages/country_code_picker/i18n/bn.json":["packages/country_code_picker/i18n/bn.json"],"packages/country_code_picker/i18n/bs.json":["packages/country_code_picker/i18n/bs.json"],"packages/country_code_picker/i18n/ca.json":["packages/country_code_picker/i18n/ca.json"],"packages/country_code_picker/i18n/cs.json":["packages/country_code_picker/i18n/cs.json"],"packages/country_code_picker/i18n/da.json":["packages/country_code_picker/i18n/da.json"],"packages/country_code_picker/i18n/de.json":["packages/country_code_picker/i18n/de.json"],"packages/country_code_picker/i18n/el.json":["packages/country_code_picker/i18n/el.json"],"packages/country_code_picker/i18n/en.json":["packages/country_code_picker/i18n/en.json"],"packages/country_code_picker/i18n/es.json":["packages/country_code_picker/i18n/es.json"],"packages/country_code_picker/i18n/et.json":["packages/country_code_picker/i18n/et.json"],"packages/country_code_picker/i18n/fa.json":["packages/country_code_picker/i18n/fa.json"],"packages/country_code_picker/i18n/fi.json":["packages/country_code_picker/i18n/fi.json"],"packages/country_code_picker/i18n/fr.json":["packages/country_code_picker/i18n/fr.json"],"packages/country_code_picker/i18n/gl.json":["packages/country_code_picker/i18n/gl.json"],"packages/country_code_picker/i18n/ha.json":["packages/country_code_picker/i18n/ha.json"],"packages/country_code_picker/i18n/he.json":["packages/country_code_picker/i18n/he.json"],"packages/country_code_picker/i18n/hi.json":["packages/country_code_picker/i18n/hi.json"],"packages/country_code_picker/i18n/hr.json":["packages/country_code_picker/i18n/hr.json"],"packages/country_code_picker/i18n/hu.json":["packages/country_code_picker/i18n/hu.json"],"packages/country_code_picker/i18n/hy.json":["packages/country_code_picker/i18n/hy.json"],"packages/country_code_picker/i18n/id.json":["packages/country_code_picker/i18n/id.json"],"packages/country_code_picker/i18n/is.json":["packages/country_code_picker/i18n/is.json"],"packages/country_code_picker/i18n/it.json":["packages/country_code_picker/i18n/it.json"],"packages/country_code_picker/i18n/ja.json":["packages/country_code_picker/i18n/ja.json"],"packages/country_code_picker/i18n/ka.json":["packages/country_code_picker/i18n/ka.json"],"packages/country_code_picker/i18n/kk.json":["packages/country_code_picker/i18n/kk.json"],"packages/country_code_picker/i18n/km.json":["packages/country_code_picker/i18n/km.json"],"packages/country_code_picker/i18n/ko.json":["packages/country_code_picker/i18n/ko.json"],"packages/country_code_picker/i18n/ku.json":["packages/country_code_picker/i18n/ku.json"],"packages/country_code_picker/i18n/ky.json":["packages/country_code_picker/i18n/ky.json"],"packages/country_code_picker/i18n/lt.json":["packages/country_code_picker/i18n/lt.json"],"packages/country_code_picker/i18n/lv.json":["packages/country_code_picker/i18n/lv.json"],"packages/country_code_picker/i18n/mk.json":["packages/country_code_picker/i18n/mk.json"],"packages/country_code_picker/i18n/ml.json":["packages/country_code_picker/i18n/ml.json"],"packages/country_code_picker/i18n/mn.json":["packages/country_code_picker/i18n/mn.json"],"packages/country_code_picker/i18n/ms.json":["packages/country_code_picker/i18n/ms.json"],"packages/country_code_picker/i18n/nb.json":["packages/country_code_picker/i18n/nb.json"],"packages/country_code_picker/i18n/nl.json":["packages/country_code_picker/i18n/nl.json"],"packages/country_code_picker/i18n/nn.json":["packages/country_code_picker/i18n/nn.json"],"packages/country_code_picker/i18n/no.json":["packages/country_code_picker/i18n/no.json"],"packages/country_code_picker/i18n/pl.json":["packages/country_code_picker/i18n/pl.json"],"packages/country_code_picker/i18n/ps.json":["packages/country_code_picker/i18n/ps.json"],"packages/country_code_picker/i18n/pt.json":["packages/country_code_picker/i18n/pt.json"],"packages/country_code_picker/i18n/ro.json":["packages/country_code_picker/i18n/ro.json"],"packages/country_code_picker/i18n/ru.json":["packages/country_code_picker/i18n/ru.json"],"packages/country_code_picker/i18n/sd.json":["packages/country_code_picker/i18n/sd.json"],"packages/country_code_picker/i18n/sk.json":["packages/country_code_picker/i18n/sk.json"],"packages/country_code_picker/i18n/sl.json":["packages/country_code_picker/i18n/sl.json"],"packages/country_code_picker/i18n/so.json":["packages/country_code_picker/i18n/so.json"],"packages/country_code_picker/i18n/sq.json":["packages/country_code_picker/i18n/sq.json"],"packages/country_code_picker/i18n/sr.json":["packages/country_code_picker/i18n/sr.json"],"packages/country_code_picker/i18n/sv.json":["packages/country_code_picker/i18n/sv.json"],"packages/country_code_picker/i18n/ta.json":["packages/country_code_picker/i18n/ta.json"],"packages/country_code_picker/i18n/tg.json":["packages/country_code_picker/i18n/tg.json"],"packages/country_code_picker/i18n/th.json":["packages/country_code_picker/i18n/th.json"],"packages/country_code_picker/i18n/tr.json":["packages/country_code_picker/i18n/tr.json"],"packages/country_code_picker/i18n/tt.json":["packages/country_code_picker/i18n/tt.json"],"packages/country_code_picker/i18n/ug.json":["packages/country_code_picker/i18n/ug.json"],"packages/country_code_picker/i18n/uk.json":["packages/country_code_picker/i18n/uk.json"],"packages/country_code_picker/i18n/ur.json":["packages/country_code_picker/i18n/ur.json"],"packages/country_code_picker/i18n/uz.json":["packages/country_code_picker/i18n/uz.json"],"packages/country_code_picker/i18n/vi.json":["packages/country_code_picker/i18n/vi.json"],"packages/country_code_picker/i18n/zh.json":["packages/country_code_picker/i18n/zh.json"],"packages/cupertino_icons/assets/CupertinoIcons.ttf":["packages/cupertino_icons/assets/CupertinoIcons.ttf"],"packages/flutter_google_places/assets/google_black.png":["packages/flutter_google_places/assets/google_black.png"],"packages/flutter_google_places/assets/google_white.png":["packages/flutter_google_places/assets/google_white.png"],"packages/fluttertoast/assets/toastify.css":["packages/fluttertoast/assets/toastify.css"],"packages/fluttertoast/assets/toastify.js":["packages/fluttertoast/assets/toastify.js"]}